SKU,cates,img_url,name,price,tag
 WM2482 ,"Anime,Anime & Cartoon Minifigures,Minifigures Collection,Naruto Shippuden",https://brixtoy.com/wp-content/uploads/2024/04/Anime-Naruto-Shippuden-Shizune-WM2482-Minifigures-600x600.jpg,Anime Naruto Shippuden Shizune WM2482 Minifigures,1.2,Shizune
 WM2481 ,"Anime,Anime & Cartoon Minifigures,Minifigures Collection,Naruto Shippuden",https://brixtoy.com/wp-content/uploads/2024/04/Anime-Naruto-Shippuden-Teuchi-WM2481-Minifigures-600x600.jpg,Anime Naruto Shippuden Teuchi WM2481 Minifigures,1.3,Teuchi
 WM2480 ,"Anime,Anime & Cartoon Minifigures,Minifigures Collection,Naruto Shippuden",https://brixtoy.com/wp-content/uploads/2024/04/Anime-Naruto-Shippuden-Sarutobi-Konohamaru-WM2480-Minifigures-600x600.jpg,Anime Naruto Shippuden Sarutobi Konohamaru WM2480 Minifigures,1.2,Sarutobi Konohamaru
 WM2478 ,"Anime,Anime & Cartoon Minifigures,Minifigures Collection,Naruto Shippuden",https://brixtoy.com/wp-content/uploads/2024/04/Anime-Naruto-Shippuden-Tenten-WM2478-Minifigures-600x600.jpg,Anime Naruto Shippuden Tenten WM2478 Minifigures,1.2,Tenten
 K2083 ,"Anime,Anime & Cartoon Minifigures,Minifigures Collection,Naruto Shippuden",https://brixtoy.com/wp-content/uploads/2023/12/Anime-Naruto-Shippuden-Fu-Yamanaka-K2083-Minifigures-600x600.jpg,Anime Naruto Shippuden Fu Yamanaka K2083 Minifigures,0.9,Fu Yamanaka
 WM2477 ,"Anime,Anime & Cartoon Minifigures,Minifigures Collection,Naruto Shippuden",https://brixtoy.com/wp-content/uploads/2024/04/Anime-Naruto-Shippuden-Sai-WM2477-Minifigures-600x600.jpg,Anime Naruto Shippuden Sai WM2477 Minifigures,1.2,Sai
 K2082 ,"Anime,Anime & Cartoon Minifigures,Minifigures Collection,Naruto Shippuden",https://brixtoy.com/wp-content/uploads/2023/12/Anime-Naruto-Shippuden-Hiruzen-Sarutobi-K2082-Minifigures-600x600.jpg,Anime Naruto Shippuden Hiruzen Sarutobi K2082 Minifigures,1.0,Hiruzen Sarutobi
 WM2479 ,"Anime,Anime & Cartoon Minifigures,Minifigures Collection,Naruto Shippuden",https://brixtoy.com/wp-content/uploads/2024/04/Anime-Naruto-Shippuden-Hyuga-Neji-WM2479-Minifigures-600x600.jpg,Anime Naruto Shippuden Hyuga Neji WM2479 Minifigures,1.2,Hyuga Neji
 K2084 ,"Anime,Anime & Cartoon Minifigures,Minifigures Collection,Naruto Shippuden",https://brixtoy.com/wp-content/uploads/2023/12/Anime-Naruto-Shippuden-Torune-Aburame-K2084-Minifigures-600x600.jpg,Anime Naruto Shippuden Torune Aburame K2084 Minifigures,0.9,Torune Aburame
 WM2467 ,"Anime,Anime & Cartoon Minifigures,Minifigures Collection,Naruto Shippuden",https://brixtoy.com/wp-content/uploads/2024/03/Anime-Naruto-Shippuden-Ootutuki-Momoshiki-WM2467-Minifigures-600x600.png,Anime Naruto Shippuden Ootutuki Momoshiki WM2467 Minifigures,1.4,Ootutuki Momoshiki
 WM2468 ,"Anime,Anime & Cartoon Minifigures,Minifigures Collection,Naruto Shippuden",https://brixtoy.com/wp-content/uploads/2024/03/Anime-Naruto-Shippuden-Uchiha-Sasuke-WM2468-Minifigures-600x600.png,Anime Naruto Shippuden Uchiha Sasuke WM2468 Minifigures,1.4,Uchiha Sasuke
 WM2470 ,"Anime,Anime & Cartoon Minifigures,Minifigures Collection,Naruto Shippuden",https://brixtoy.com/wp-content/uploads/2024/03/Anime-Naruto-Shippuden-Uzumaki-Naruto-WM2470-Minifigures-600x600.png,Anime Naruto Shippuden Uzumaki Naruto WM2470 Minifigures,1.2,Uzumaki Naruto
 WM2469 ,"Anime,Anime & Cartoon Minifigures,Minifigures Collection,Naruto Shippuden",https://brixtoy.com/wp-content/uploads/2024/03/Anime-Naruto-Shippuden-Uzumaki-Naruto-WM2469-Minifigures-600x600.png,Anime Naruto Shippuden Uzumaki Naruto WM2469 Minifigures,1.7,Uzumaki Naruto
 WM2473 ,"Anime,Anime & Cartoon Minifigures,Minifigures Collection,Naruto Shippuden",https://brixtoy.com/wp-content/uploads/2024/03/Anime-Naruto-Shippuden-Hyuga-Hinata-WM2473-Minifigures-600x600.png,Anime Naruto Shippuden Hyuga Hinata WM2473 Minifigures,1.4,Hyuga Hinata
 WM2471 ,"Anime,Anime & Cartoon Minifigures,Minifigures Collection,Naruto Shippuden",https://brixtoy.com/wp-content/uploads/2024/03/Anime-Naruto-Shippuden-Uzumaki-Boruto-WM2471-Minifigures-600x600.png,Anime Naruto Shippuden Uzumaki Boruto WM2471 Minifigures,1.4,Uzumaki Boruto
 WM2472 ,"Anime,Anime & Cartoon Minifigures,Minifigures Collection,Naruto Shippuden",https://brixtoy.com/wp-content/uploads/2024/03/Anime-Naruto-Shippuden-Uchiha-Sarada-WM2472-Minifigures-600x600.png,Anime Naruto Shippuden Uchiha Sarada WM2472 Minifigures,1.4,Uchiha Sarada
 K2081 ,"Anime,Anime & Cartoon Minifigures,Minifigures Collection,Naruto Shippuden",https://brixtoy.com/wp-content/uploads/2023/12/Anime-Naruto-Shippuden-Sasori-K2081-Minifigures-600x600.jpg,Anime Naruto Shippuden Sasori K2081 Minifigures,0.9,Sasori
 WM2474 ,"Anime,Anime & Cartoon Minifigures,Minifigures Collection,Naruto Shippuden",https://brixtoy.com/wp-content/uploads/2024/03/Anime-Naruto-Shippuden-Uzumaki-Naruto-WM2474-Minifigures-600x600.png,Anime Naruto Shippuden Uzumaki Naruto WM2474 Minifigures,1.0,Uzumaki Naruto
 WM2475 ,"Anime,Anime & Cartoon Minifigures,Minifigures Collection,Naruto Shippuden",https://brixtoy.com/wp-content/uploads/2024/04/Anime-Naruto-Shippuden-Yamato-WM2475-Minifigures-600x600.jpg,Anime Naruto Shippuden Yamato WM2475 Minifigures,1.3,Yamato
 WM2476 ,"Anime,Anime & Cartoon Minifigures,Minifigures Collection,Naruto Shippuden",https://brixtoy.com/wp-content/uploads/2024/04/Anime-Naruto-Shippuden-Umino-Iruka-WM2476-Minifigures-600x600.jpg,Anime Naruto Shippuden Umino Iruka WM2476 Minifigures,1.3,Umino Iruka
 K2080 ,"Anime,Anime & Cartoon Minifigures,Minifigures Collection,Naruto Shippuden",https://brixtoy.com/wp-content/uploads/2023/12/Anime-Naruto-Shippuden-Anko-Mitarashi-K2080-Minifigures-600x600.jpg,Anime Naruto Shippuden Anko Mitarashi K2080 Minifigures,0.9,Anko Mitarashi
 K2077 ,"Anime,Anime & Cartoon Minifigures,Minifigures Collection,Naruto Shippuden",https://brixtoy.com/wp-content/uploads/2023/12/Anime-Naruto-Shippuden-Suigetsu-Hozuki-K2077-Minifigures-600x600.jpg,Anime Naruto Shippuden Suigetsu Hozuki K2077 Minifigures,0.9,Suigetsu Hozuki
 K2078 ,"Anime,Anime & Cartoon Minifigures,Minifigures Collection,Naruto Shippuden",https://brixtoy.com/wp-content/uploads/2023/12/Anime-Naruto-Shippuden-Sarutobi-Asuma-K2078-Minifigures-600x600.jpg,Anime Naruto Shippuden Sarutobi Asuma K2078 Minifigures,1.0,Sarutobi Asuma
 K2031 ,"Anime,Anime & Cartoon Minifigures,Minifigures Collection,Naruto Shippuden",https://brixtoy.com/wp-content/uploads/2023/12/Anime-Naruto-Shippuden-Iwagakure-Shinobi-K2031-Minifigures-600x600.jpg,Anime Naruto Shippuden Iwagakure Shinobi K2031 Minifigures,0.9,Iwagakure Shinobi
 K2079 ,"Anime,Anime & Cartoon Minifigures,Minifigures Collection,Naruto Shippuden",https://brixtoy.com/wp-content/uploads/2023/12/Anime-Naruto-Shippuden-Might-Guy-K2079-Minifigures-600x600.jpg,Anime Naruto Shippuden Might Guy K2079 Minifigures,1.0,Might Guy
 K2032 ,"Anime,Anime & Cartoon Minifigures,Minifigures Collection,Naruto Shippuden",https://brixtoy.com/wp-content/uploads/2023/12/Anime-Naruto-Shippuden-Satetsu-K2032-Minifigures-600x600.jpg,Anime Naruto Shippuden Satetsu K2032 Minifigures,0.9,Satetsu
 K2027 ,"Anime,Anime & Cartoon Minifigures,Minifigures Collection,Naruto Shippuden",https://brixtoy.com/wp-content/uploads/2023/12/Anime-Naruto-Shippuden-Kumogakure-Shinobi-K2027-Minifigures-600x600.jpg,Anime Naruto Shippuden Kumogakure Shinobi K2027 Minifigures,0.9,Kumogakure Shinobi
 K2026 ,"Anime,Anime & Cartoon Minifigures,Minifigures Collection,Naruto Shippuden",https://brixtoy.com/wp-content/uploads/2023/12/Anime-Naruto-Shippuden-Might-Guy-K2026-Minifigures-600x600.jpg,Anime Naruto Shippuden Might Guy K2026 Minifigures,0.9,Might Guy
 K2028 ,"Anime,Anime & Cartoon Minifigures,Minifigures Collection,Naruto Shippuden",https://brixtoy.com/wp-content/uploads/2023/12/Anime-Naruto-Shippuden-Ebisu-K2028-Minifigures-600x600.jpg,Anime Naruto Shippuden Ebisu K2028 Minifigures,0.9,Ebisu
 K2029 ,"Anime,Anime & Cartoon Minifigures,Minifigures Collection,Naruto Shippuden",https://brixtoy.com/wp-content/uploads/2023/12/Anime-Naruto-Shippuden-Kirigakure-Shinobi-K2029-Minifigures-600x600.jpg,Anime Naruto Shippuden Kirigakure Shinobi K2029 Minifigures,0.9,Kirigakure Shinobi
 K2030 ,"Anime,Anime & Cartoon Minifigures,Minifigures Collection,Naruto Shippuden",https://brixtoy.com/wp-content/uploads/2023/12/Anime-Naruto-Shippuden-Inuzuka-Kiba-K2030-Minifigures-600x600.jpg,Anime Naruto Shippuden Inuzuka Kiba K2030 Minifigures,0.9,Inuzuka Kiba
 WM2153 ,"Anime,Anime & Cartoon Minifigures,Minifigures Collection,Naruto Shippuden",https://brixtoy.com/wp-content/uploads/2023/12/Anime-Naruto-Shippuden-Kimimaro-WM2153-Minifigures-600x600.jpg,Anime Naruto Shippuden Kimimaro WM2153 Minifigures,1.3,Kimimaro
 K2023 ,"Anime,Anime & Cartoon Minifigures,Minifigures Collection,Naruto Shippuden",https://brixtoy.com/wp-content/uploads/2023/12/Anime-Naruto-Shippuden-Iwagakure-Shinobi-K2023-Minifigures-600x600.jpg,Anime Naruto Shippuden Iwagakure Shinobi K2023 Minifigures,0.9,Iwagakure Shinobi
 WM2151 ,"Anime,Anime & Cartoon Minifigures,Minifigures Collection,Naruto Shippuden",https://brixtoy.com/wp-content/uploads/2023/12/Anime-Naruto-Shippuden-Kimimaro-WM2151-Minifigures-600x600.jpg,Anime Naruto Shippuden Kimimaro WM2151 Minifigures,1.3,Kimimaro
 WM2152 ,"Anime,Anime & Cartoon Minifigures,Minifigures Collection,Naruto Shippuden",https://brixtoy.com/wp-content/uploads/2023/12/Anime-Naruto-Shippuden-Uchiha-Sasuke-WM2152-Minifigures-600x600.jpg,Anime Naruto Shippuden Uchiha Sasuke WM2152 Minifigures,1.3,Uchiha Sasuke
 K2022 ,"Anime,Anime & Cartoon Minifigures,Minifigures Collection,Naruto Shippuden",https://brixtoy.com/wp-content/uploads/2023/12/Anime-Naruto-Shippuden-Kumogakure-Shinobi-K2022-Minifigures-600x600.jpg,Anime Naruto Shippuden Kumogakure Shinobi K2022 Minifigures,0.9,Kumogakure Shinobi
 WM2154 ,"Anime,Anime & Cartoon Minifigures,Minifigures Collection,Naruto Shippuden",https://brixtoy.com/wp-content/uploads/2023/12/Anime-Naruto-Shippuden-Uchiha-Itachi-WM2154-Minifigures-600x600.jpg,Anime Naruto Shippuden Uchiha Itachi WM2154 Minifigures,1.3,Uchiha Itachi
 K2021 ,"Anime,Anime & Cartoon Minifigures,Minifigures Collection,Naruto Shippuden",https://brixtoy.com/wp-content/uploads/2023/12/Anime-Naruto-Shippuden-Uchiha-Shisui-K2021-Minifigures-600x600.jpg,Anime Naruto Shippuden Uchiha Shisui K2021 Minifigures,0.9,Uchiha Shisui
 K2025 ,"Anime,Anime & Cartoon Minifigures,Minifigures Collection,Naruto Shippuden",https://brixtoy.com/wp-content/uploads/2023/12/Anime-Naruto-Shippuden-Korobi-K2025-Minifigures-600x600.jpg,Anime Naruto Shippuden Korobi K2025 Minifigures,0.9,Korobi
 K2024 ,"Anime,Anime & Cartoon Minifigures,Minifigures Collection,Naruto Shippuden",https://brixtoy.com/wp-content/uploads/2023/12/Anime-Naruto-Shippuden-Hoshigaki-Kisame-K2024-Minifigures-600x600.jpg,Anime Naruto Shippuden Hoshigaki Kisame K2024 Minifigures,0.9,Hoshigaki Kisame
 WM2150 ,"Anime,Anime & Cartoon Minifigures,Minifigures Collection,Naruto Shippuden",https://brixtoy.com/wp-content/uploads/2023/12/Anime-Naruto-Shippuden-Mitsuki-WM2150-Minifigures-600x600.jpg,Anime Naruto Shippuden Mitsuki WM2150 Minifigures,1.3,Mitsuki
 K2146 ,"Anime,Anime & Cartoon Minifigures,Minifigures Collection,Naruto Shippuden",https://brixtoy.com/wp-content/uploads/2023/11/Anime-Naruto-Shippuden-Uchiha-Obito-K2146-Minifigures-600x600.jpg,Anime Naruto Shippuden Uchiha Obito K2146 Minifigures,1.3,Uchiha Obito
 K2145 ,"Anime,Anime & Cartoon Minifigures,Minifigures Collection,Naruto Shippuden",https://brixtoy.com/wp-content/uploads/2023/11/Anime-Naruto-Shippuden-Hatake-Kakashi-K2145-Minifigures-600x600.jpg,Anime Naruto Shippuden Hatake Kakashi K2145 Minifigures,1.2,Hatake Kakashi
 K2147 ,"Anime,Anime & Cartoon Minifigures,Minifigures Collection,Naruto Shippuden",https://brixtoy.com/wp-content/uploads/2023/11/Anime-Naruto-Shippuden-Tsunade-K2147-Minifigures-600x600.jpg,Anime Naruto Shippuden Tsunade K2147 Minifigures,1.1,Tsunade
 K2148 ,"Anime,Anime & Cartoon Minifigures,Minifigures Collection,Naruto Shippuden",https://brixtoy.com/wp-content/uploads/2023/11/Anime-Naruto-Shippuden-Uchiha-Madara-K2148-Minifigures-600x600.jpg,Anime Naruto Shippuden Uchiha Madara K2148 Minifigures,1.2,Uchiha Madara
 K2149 ,"Anime,Anime & Cartoon Minifigures,Minifigures Collection,Naruto Shippuden",https://brixtoy.com/wp-content/uploads/2023/11/Anime-Naruto-Shippuden-Jiraiya-K2149-Minifigures-600x600.jpg,Anime Naruto Shippuden Jiraiya K2149 Minifigures,1.2,Jiraiya
 K2150 ,"Anime,Anime & Cartoon Minifigures,Minifigures Collection,Naruto Shippuden",https://brixtoy.com/wp-content/uploads/2023/11/Anime-Naruto-Shippuden-Kaguya-K2150-Minifigures-600x600.jpg,Anime Naruto Shippuden Kaguya K2150 Minifigures,1.3,Kaguya
 K2151 ,"Anime,Anime & Cartoon Minifigures,Minifigures Collection,Naruto Shippuden",https://brixtoy.com/wp-content/uploads/2023/11/Anime-Naruto-Shippuden-Minato-Namikaze-K2151-Minifigures-600x600.jpg,Anime Naruto Shippuden Minato Namikaze K2151 Minifigures,1.1,Minato Namikaze
 WM2147 ,"Anime,Anime & Cartoon Minifigures,Minifigures Collection,Naruto Shippuden",https://brixtoy.com/wp-content/uploads/2023/12/Anime-Naruto-Shippuden-Suigetsu-Hozuki-WM2147-Minifigures-600x600.jpg,Anime Naruto Shippuden Suigetsu Hozuki WM2147 Minifigures,1.3,Suigetsu Hozuki
 WM2149 ,"Anime,Anime & Cartoon Minifigures,Minifigures Collection,Naruto Shippuden",https://brixtoy.com/wp-content/uploads/2023/12/Anime-Naruto-Shippuden-Jugo-WM2149-Minifigures-600x600.jpg,Anime Naruto Shippuden Jugo WM2149 Minifigures,1.3,Jugo
 WM2148 ,"Anime,Anime & Cartoon Minifigures,Minifigures Collection,Naruto Shippuden",https://brixtoy.com/wp-content/uploads/2023/12/Anime-Naruto-Shippuden-Karin-Uzumaki-WM2148-Minifigures-600x600.jpg,Anime Naruto Shippuden Karin Uzumaki WM2148 Minifigures,1.3,Karin Uzumaki
 WM2139 ,"Anime,Anime & Cartoon Minifigures,Minifigures Collection,Naruto Shippuden",https://brixtoy.com/wp-content/uploads/2023/10/Anime-Naruto-Shippuden-Animal-PathPain-WM2139-Minifigures-600x600.jpg,Anime Naruto Shippuden Animal Path(Pain) WM2139 Minifigures,1.3,Pain
 WM2140 ,"Anime,Anime & Cartoon Minifigures,Minifigures Collection,Naruto Shippuden",https://brixtoy.com/wp-content/uploads/2023/10/Anime-Naruto-Shippuden-Animal-PathPain-WM2140-Minifigures-600x600.jpg,Anime Naruto Shippuden Animal Path(Pain) WM2140 Minifigures,1.3,Pain
 WM2141 ,"Anime,Anime & Cartoon Minifigures,Minifigures Collection,Naruto Shippuden",https://brixtoy.com/wp-content/uploads/2023/10/Anime-Naruto-Shippuden-Hell-PathPain-WM2141-Minifigures-600x600.jpg,Anime Naruto Shippuden Hell Path(Pain) WM2141 Minifigures,1.3,Pain
 WM2142 ,"Anime,Anime & Cartoon Minifigures,Minifigures Collection,Naruto Shippuden",https://brixtoy.com/wp-content/uploads/2023/10/Anime-Naruto-Shippuden-Human-PathPain-WM2142-Minifigures-600x600.jpg,Anime Naruto Shippuden Human Path(Pain) WM2142 Minifigures,1.3,Pain
 WM2143 ,"Anime,Anime & Cartoon Minifigures,Minifigures Collection,Naruto Shippuden",https://brixtoy.com/wp-content/uploads/2023/10/Anime-Naruto-Shippuden-Asura-PathPain-WM2143-Minifigures-600x600.jpg,Anime Naruto Shippuden Asura Path(Pain) WM2143 Minifigures,1.3,Pain
 WM2144 ,"Anime,Anime & Cartoon Minifigures,Minifigures Collection,Naruto Shippuden",https://brixtoy.com/wp-content/uploads/2023/10/Anime-Naruto-Shippuden-Mifune-WM2144-Minifigures-600x600.jpg,Anime Naruto Shippuden Mifune WM2144 Minifigures,1.3,Mifune
 WM2145 ,"Anime,Anime & Cartoon Minifigures,Minifigures Collection,Naruto Shippuden",https://brixtoy.com/wp-content/uploads/2023/10/Anime-Naruto-Shippuden-Danzo-Shimura-WM2145-Minifigures-600x600.jpg,Anime Naruto Shippuden Danzo Shimura WM2145 Minifigures,1.2,Danzo Shimura
 WM2146 ,"Anime,Anime & Cartoon Minifigures,Minifigures Collection,Naruto Shippuden",https://brixtoy.com/wp-content/uploads/2023/10/Anime-Naruto-Shippuden-Pepperfish-Hanzo-WM2146-Minifigures-600x600.jpg,Anime Naruto Shippuden Pepperfish Hanzo WM2146 Minifigures,1.3,Pepperfish Hanzo
 K2144 ,"Anime,Anime & Cartoon Minifigures,Minifigures Collection,Naruto Shippuden",https://brixtoy.com/wp-content/uploads/2023/11/Anime-Naruto-Shippuden-Naruto-Uzumaki-K2144-Minifigures-600x600.jpg,Anime Naruto Shippuden Naruto Uzumaki K2144 Minifigures,1.1,Naruto Uzumaki
 K2016 ,"Anime,Anime & Cartoon Minifigures,Minifigures Collection,Naruto Shippuden",https://brixtoy.com/wp-content/uploads/2023/10/Anime-Naruto-Shippuden-Hidan-K2016-Minifigures-600x600.jpg,Anime Naruto Shippuden Hidan K2016 Minifigures,0.9,Hidan
 K2107 ,"Anime,Anime & Cartoon Minifigures,Minifigures Collection,Naruto Shippuden",https://brixtoy.com/wp-content/uploads/2023/10/Anime-Naruto-Shippuden-Senju-Tobirama-K2107-Minifigures-600x600.jpg,Anime Naruto Shippuden Senju Tobirama K2107 Minifigures,1.2,Senju Tobirama
 K2108 ,"Anime,Anime & Cartoon Minifigures,Minifigures Collection,Naruto Shippuden",https://brixtoy.com/wp-content/uploads/2023/10/Anime-Naruto-Shippuden-Uchiha-Madara-K2108-Minifigures-600x600.jpg,Anime Naruto Shippuden Uchiha Madara K2108 Minifigures,1.2,Uchiha Madara
 K2109 ,"Anime,Anime & Cartoon Minifigures,Minifigures Collection,Naruto Shippuden",https://brixtoy.com/wp-content/uploads/2023/10/Anime-Naruto-Shippuden-Hiruzen-Sarutobi-K2109-Minifigures-600x600.jpg,Anime Naruto Shippuden Hiruzen Sarutobi K2109 Minifigures,1.1,Hiruzen Sarutobi
 K2110 ,"Anime,Anime & Cartoon Minifigures,Minifigures Collection,Naruto Shippuden",https://brixtoy.com/wp-content/uploads/2023/10/Anime-Naruto-Shippuden-Uchiha-Itachi-Konohas-Anbu-K2110-Minifigures-600x600.jpg,Anime Naruto Shippuden Uchiha Itachi (Konoha’s Anbu) K2110 Minifigures,1.1,Uchiha Itachi
 K2106 ,"Anime,Anime & Cartoon Minifigures,Minifigures Collection,Naruto Shippuden",https://brixtoy.com/wp-content/uploads/2023/10/Anime-Naruto-Shippuden-Namikaze-Minato-K2106-Minifigures-600x600.jpg,Anime Naruto Shippuden Minato Namikaze K2106 Minifigures,1.1,Minato Namikaze
 K2017 ,"Anime,Anime & Cartoon Minifigures,Minifigures Collection,Naruto Shippuden",https://brixtoy.com/wp-content/uploads/2023/10/Anime-Naruto-Shippuden-Hiruzen-Sarutobi-K2017-Minifigures-600x600.jpg,Anime Naruto Shippuden Hiruzen Sarutobi K2017 Minifigures,0.9,Hiruzen Sarutobi
 K2018 ,"Anime,Anime & Cartoon Minifigures,Minifigures Collection,Naruto Shippuden",https://brixtoy.com/wp-content/uploads/2023/10/Anime-Naruto-Shippuden-Orochimaru-K2018-Minifigures-600x600.jpg,Anime Naruto Shippuden Orochimaru K2018 Minifigures,0.9,Orochimaru
 K2019 ,"Anime,Anime & Cartoon Minifigures,Minifigures Collection,Naruto Shippuden",https://brixtoy.com/wp-content/uploads/2023/10/Anime-Naruto-Shippuden-Rock-Lee-K2019-Minifigures-600x600.jpg,Anime Naruto Shippuden Rock Lee K2019 Minifigures,0.9,Rock Lee
 K2103 ,"Anime,Anime & Cartoon Minifigures,Minifigures Collection,Naruto Shippuden",https://brixtoy.com/wp-content/uploads/2023/10/Anime-Naruto-Shippuden-Hashirama-Senju-K2103-Minifigures-600x600.jpg,Anime Naruto Shippuden Hashirama Senju K2103 Minifigures,1.2,Hashirama Senju
 K2020 ,"Anime,Anime & Cartoon Minifigures,Minifigures Collection,Naruto Shippuden",https://brixtoy.com/wp-content/uploads/2023/10/Anime-Naruto-Shippuden-Aburame-Shino-K2020-Minifigures-600x600.jpg,Anime Naruto Shippuden Aburame Shino K2020 Minifigures,0.9,Aburame Shino
 K2104 ,"Anime,Anime & Cartoon Minifigures,Minifigures Collection,Naruto Shippuden",https://brixtoy.com/wp-content/uploads/2023/10/Anime-Naruto-Shippuden-Hatake-Kakashi-K2104-Minifigures-600x600.jpg,Anime Naruto Shippuden Hatake Kakashi K2104 Minifigures,1.1,Hatake Kakashi
 K2010 ,"Anime,Anime & Cartoon Minifigures,Minifigures Collection,Naruto Shippuden",https://brixtoy.com/wp-content/uploads/2023/10/Anime-Naruto-Shippuden-Chiriku-K2010-Minifigures-600x600.jpg,Anime Naruto Shippuden Chiriku K2010 Minifigures,0.9,Chiriku
 K2105 ,"Anime,Anime & Cartoon Minifigures,Minifigures Collection,Naruto Shippuden",https://brixtoy.com/wp-content/uploads/2023/10/Anime-Naruto-Shippuden-Hashirama-Senju-K2105-Minifigures-600x600.jpg,Anime Naruto Shippuden Hashirama Senju K2105 Minifigures,1.2,Hashirama Senju
 K2009 ,"Anime,Anime & Cartoon Minifigures,Minifigures Collection,Naruto Shippuden",https://brixtoy.com/wp-content/uploads/2023/10/Anime-Naruto-Shippuden-Uchiha-Sasuke-Orochimarus-learner-K2009-Minifigures-600x600.jpg,Anime Naruto Shippuden Uchiha Sasuke (Orochimaru’s learner) K2009 Minifigures,0.9,Uchiha Sasuke
 K2012 ,"Anime,Anime & Cartoon Minifigures,Minifigures Collection,Naruto Shippuden",https://brixtoy.com/wp-content/uploads/2023/10/Anime-Naruto-Shippuden-Hyuga-Neji-Great-Ninja-War-K2012-Minifigures-600x600.jpg,Anime Naruto Shippuden Hyuga Neji (Great Ninja War) K2012 Minifigures,0.9,Hyuga Neji
 K2011 ,"Anime,Anime & Cartoon Minifigures,Minifigures Collection,Naruto Shippuden",https://brixtoy.com/wp-content/uploads/2023/10/Anime-Naruto-Shippuden-Hyuga-Neji-K2011-Minifigures-600x600.jpg,Anime Naruto Shippuden Hyuga Neji K2011 Minifigures,0.9,Hyuga Neji
 K2015 ,"Anime,Anime & Cartoon Minifigures,Minifigures Collection,Naruto Shippuden",https://brixtoy.com/wp-content/uploads/2023/10/Anime-Naruto-Shippuden-Sai-K2015-Minifigures-600x600.jpg,Anime Naruto Shippuden Sai K2015 Minifigures,0.9,Sai
 K2014 ,"Anime,Anime & Cartoon Minifigures,Minifigures Collection,Naruto Shippuden",https://brixtoy.com/wp-content/uploads/2023/10/Anime-Naruto-Shippuden-Shimura-Danzo-K2014-Minifigures-600x600.jpg,Anime Naruto Shippuden Shimura Danzo K2014 Minifigures,0.9,Shimura Danzo
 K2013 ,"Anime,Anime & Cartoon Minifigures,Minifigures Collection,Naruto Shippuden",https://brixtoy.com/wp-content/uploads/2023/10/Anime-Naruto-Shippuden-Hyuga-Hinata-K2013-Minifigures-600x600.jpg,Anime Naruto Shippuden Hyuga Hinata K2013 Minifigures,0.9,Hyuga Hinata
 K2089 ,"Anime,Anime & Cartoon Minifigures,Minifigures Collection,Naruto Shippuden",https://brixtoy.com/wp-content/uploads/2023/10/Anime-Naruto-Shippuden-Hyuga-Hinata-K2089-Minifigures-600x600.jpg,Anime Naruto Shippuden Hyuga Hinata K2089 Minifigures,1.1,Hyuga Hinata
 K2008 ,"Anime,Anime & Cartoon Minifigures,Minifigures Collection,Naruto Shippuden",https://brixtoy.com/wp-content/uploads/2023/10/Anime-Naruto-Shippuden-Uchiha-Itachi-Konohas-Shinobi-K2008-Minifigures-600x600.jpg,Anime Naruto Shippuden Uchiha Itachi (Konoha’s Shinobi) K2008 Minifigures,0.9,Uchiha Itachi
 K2090 ,"Anime,Anime & Cartoon Minifigures,Minifigures Collection,Naruto Shippuden",https://brixtoy.com/wp-content/uploads/2023/10/Anime-Naruto-Shippuden-Tenten-K2090-Minifigures-600x600.jpg,Anime Naruto Shippuden Tenten K2090 Minifigures,1.1,Tenten
 K2091 ,"Anime,Anime & Cartoon Minifigures,Minifigures Collection,Naruto Shippuden",https://brixtoy.com/wp-content/uploads/2023/10/Anime-Naruto-Shippuden-Hyuga-Neji-K2091-Minifigures-600x600.jpg,Anime Naruto Shippuden Hyuga Neji K2091 Minifigures,1.1,Hyuga Neji
 K2092 ,"Anime,Anime & Cartoon Minifigures,Minifigures Collection,Naruto Shippuden",https://brixtoy.com/wp-content/uploads/2023/10/Anime-Naruto-Shippuden-Yamanaka-Ino-K2092-Minifigures-600x600.jpg,Anime Naruto Shippuden Yamanaka Ino K2092 Minifigures,1.1,Yamanaka Ino
 K2007 ,"Anime,Anime & Cartoon Minifigures,Minifigures Collection,Naruto Shippuden",https://brixtoy.com/wp-content/uploads/2023/10/Anime-Naruto-Shippuden-Uchiha-Shisui-K2007-Minifigures-600x600.jpg,Anime Naruto Shippuden Uchiha Shisui K2007 Minifigures,0.9,Uchiha Shisui
 K2071 ,"Anime,Anime & Cartoon Minifigures,Minifigures Collection,Naruto Shippuden",https://brixtoy.com/wp-content/uploads/2023/10/Anime-Naruto-Shippuden-Naruto-Uzumaki-Hokage-K2071-Minifigures-600x600.jpg,Anime Naruto Shippuden Naruto Uzumaki (Hokage) K2071 Minifigures,0.9,Naruto Uzumaki
 K2070 ,"Anime,Anime & Cartoon Minifigures,Minifigures Collection,Naruto Shippuden",https://brixtoy.com/wp-content/uploads/2023/10/Anime-Naruto-Shippuden-Tsunade-Hokage-K2070-Minifigures-600x600.jpg,Anime Naruto Shippuden Tsunade (Hokage) K2070 Minifigures,0.9,Tsunade
 K2074 ,"Anime,Anime & Cartoon Minifigures,Minifigures Collection,Naruto Shippuden",https://brixtoy.com/wp-content/uploads/2023/10/Anime-Naruto-Shippuden-Mei-Terumi-Mizukage-K2074-Minifigures-600x600.jpg,Anime Naruto Shippuden Mei Terumī (Mizukage) K2074 Minifigures,0.9,Mei Terumī
 K2073 ,"Anime,Anime & Cartoon Minifigures,Minifigures Collection,Naruto Shippuden",https://brixtoy.com/wp-content/uploads/2023/10/Anime-Naruto-Shippuden-A-Fourth-Hokage-K2073-Minifigures-600x600.jpg,Anime Naruto Shippuden A (Fourth Hokage) K2073 Minifigures,0.9,A
 K2072 ,"Anime,Anime & Cartoon Minifigures,Minifigures Collection,Naruto Shippuden",https://brixtoy.com/wp-content/uploads/2023/10/Anime-Naruto-Shippuden-Gaara-Kazekage-K2072-Minifigures-600x600.jpg,Anime Naruto Shippuden Gaara (Kazekage) K2072 Minifigures,0.9,Gaara
 K2066 ,"Anime,Anime & Cartoon Minifigures,Minifigures Collection,Naruto Shippuden",https://brixtoy.com/wp-content/uploads/2023/10/Anime-Naruto-Shippuden-Hashirama-Senju-Hokage-K2066-Minifigures-600x600.jpg,Anime Naruto Shippuden Hashirama Senju (Hokage) K2066 Minifigures,0.9,Hashirama Senju
 K2067 ,"Anime,Anime & Cartoon Minifigures,Minifigures Collection,Naruto Shippuden",https://brixtoy.com/wp-content/uploads/2023/10/Anime-Naruto-Shippuden-Tobirama-Senju-Hokage-K2067-Minifigures-600x600.jpg,Anime Naruto Shippuden Tobirama Senju (Hokage) K2067 Minifigures,0.9,Tobirama Senju
 K2068 ,"Anime,Anime & Cartoon Minifigures,Minifigures Collection,Naruto Shippuden",https://brixtoy.com/wp-content/uploads/2023/10/Anime-Naruto-Shippuden-Hiruzen-Sarutobi-Hokage-K2068-Minifigures-600x600.jpg,Anime Naruto Shippuden Hiruzen Sarutobi (Hokage) K2068 Minifigures,0.9,Hiruzen Sarutobi
 K2069 ,"Anime,Anime & Cartoon Minifigures,Minifigures Collection,Naruto Shippuden",https://brixtoy.com/wp-content/uploads/2023/10/Anime-Naruto-Shippuden-Minato-Namikaze-Hokage-K2069-Minifigures-600x600.jpg,Anime Naruto Shippuden Minato Namikaze (Hokage) K2069 Minifigures,0.9,Minato Namikaze
 K2075 ,"Anime,Anime & Cartoon Minifigures,Minifigures Collection,Naruto Shippuden",https://brixtoy.com/wp-content/uploads/2023/10/Anime-Naruto-Shippuden-Onoki-Tsuchikage-K2075-Minifigures-600x600.jpg,Anime Naruto Shippuden Ōnoki (Tsuchikage) K2075 Minifigures,0.9,Ōnoki
 K2085 ,"Anime,Anime & Cartoon Minifigures,Minifigures Collection,Naruto Shippuden",https://brixtoy.com/wp-content/uploads/2023/10/Anime-Naruto-Shippuden-Kankuro-K2085-Minifigures-600x600.jpg,Anime Naruto Shippuden Kankuro K2085 Minifigures,1.1,Kankuro
 K2086 ,"Anime,Anime & Cartoon Minifigures,Minifigures Collection,Naruto Shippuden",https://brixtoy.com/wp-content/uploads/2023/10/Anime-Naruto-Shippuden-Hiruzen-Sarutobi-K2086-Minifigures-600x600.jpg,Anime Naruto Shippuden Hiruzen Sarutobi K2086 Minifigures,1.1,Hiruzen Sarutobi
 K2087 ,"Anime,Anime & Cartoon Minifigures,Minifigures Collection,Naruto Shippuden",https://brixtoy.com/wp-content/uploads/2023/10/Anime-Naruto-Shippuden-Haruno-Sakura-K2087-Minifigures-600x600.jpg,Anime Naruto Shippuden Haruno Sakura K2087 Minifigures,1.1,Haruno Sakura
 K2088 ,"Anime,Anime & Cartoon Minifigures,Minifigures Collection,Naruto Shippuden",https://brixtoy.com/wp-content/uploads/2023/10/Anime-Naruto-Shippuden-Gaara-K2088-Minifigures-600x600.jpg,Anime Naruto Shippuden Gaara K2088 Minifigures,1.1,Gaara
 K2052 ,"Anime,Anime & Cartoon Minifigures,Minifigures Collection,Naruto Shippuden",https://brixtoy.com/wp-content/uploads/2023/10/Anime-Naruto-Shippuden-Kushina-Uzumaki-K2052-Minifigures-600x600.jpg,Anime Naruto Shippuden Kushina Uzumaki K2052 Minifigures,0.9,Kushina Uzumaki
 K2050 ,"Anime,Anime & Cartoon Minifigures,Minifigures Collection,Naruto Shippuden",https://brixtoy.com/wp-content/uploads/2023/10/Anime-Naruto-Shippuden-Hatake-Kakashi-K2050-Minifigures-600x600.jpg,Anime Naruto Shippuden Hatake Kakashi K2050 Minifigures,0.9,Hatake Kakashi
 K2049 ,"Anime,Anime & Cartoon Minifigures,Minifigures Collection,Naruto Shippuden",https://brixtoy.com/wp-content/uploads/2023/10/Anime-Naruto-Shippuden-Uchiha-Obito-K2049-Minifigures-600x600.jpg,Anime Naruto Shippuden Uchiha Obito K2049 Minifigures,0.9,Uchiha Obito
 K2051 ,"Anime,Anime & Cartoon Minifigures,Minifigures Collection,Naruto Shippuden",https://brixtoy.com/wp-content/uploads/2023/10/Anime-Naruto-Shippuden-Uchiha-Itachi-K2051-Minifigures-600x600.jpg,Anime Naruto Shippuden Uchiha Itachi K2051 Minifigures,0.9,Uchiha Itachi
 K2045 ,"Anime,Anime & Cartoon Minifigures,Minifigures Collection,Naruto Shippuden",https://brixtoy.com/wp-content/uploads/2023/10/Anime-Naruto-Shippuden-Ibiki-Morino-K2045-Minifigures-600x600.jpg,Anime Naruto Shippuden Ibiki Morino K2045 Minifigures,0.9,Ibiki Morino
 WM2130 ,"Anime,Anime & Cartoon Minifigures,Minifigures Collection,Naruto Shippuden",https://brixtoy.com/wp-content/uploads/2023/10/Anime-Naruto-Shippuden-Akimichi-Choji-WM2130-Minifigures-600x600.jpg,Anime Naruto Shippuden Akimichi Choji WM2130 Minifigures,1.4,Akimichi Choji
 K2046 ,"Anime,Anime & Cartoon Minifigures,Minifigures Collection,Naruto Shippuden",https://brixtoy.com/wp-content/uploads/2023/10/Anime-Naruto-Shippuden-Yuhi-Kurenai-K2046-Minifigures-600x600.jpg,Anime Naruto Shippuden Yuhi Kurenai K2046 Minifigures,0.9,Yuhi Kurenai
 K2047 ,"Anime,Anime & Cartoon Minifigures,Minifigures Collection,Naruto Shippuden",https://brixtoy.com/wp-content/uploads/2023/10/Anime-Naruto-Shippuden-Akimichi-Choji-K2047-Minifigures-600x600.jpg,Anime Naruto Shippuden Akimichi Choji K2047 Minifigures,0.9,Akimichi Choji
 K2048 ,"Anime,Anime & Cartoon Minifigures,Minifigures Collection,Naruto Shippuden",https://brixtoy.com/wp-content/uploads/2023/10/Anime-Naruto-Shippuden-Rin-Nohara-K2048-Minifigures-600x600.jpg,Anime Naruto Shippuden Rin Nohara K2048 Minifigures,0.9,Rin Nohara
 WM2123 ,"Anime,Anime & Cartoon Minifigures,Minifigures Collection,Naruto Shippuden",https://brixtoy.com/wp-content/uploads/2023/10/Anime-Naruto-Shippuden-Yuhi-Kurenai-WM2123-Minifigures-600x600.jpg,Anime Naruto Shippuden Yuhi Kurenai WM2123 Minifigures,1.4,Yuhi Kurenai
 K2100 ,"Anime,Anime & Cartoon Minifigures,Minifigures Collection,Naruto Shippuden",https://brixtoy.com/wp-content/uploads/2023/10/Anime-Naruto-Shippuden-Gaara-K2100-Minifigures-600x600.jpg,Anime Naruto Shippuden Gaara K2100 Minifigures,1.1,Gaara
 K2098 ,"Anime,Anime & Cartoon Minifigures,Minifigures Collection,Naruto Shippuden",https://brixtoy.com/wp-content/uploads/2023/10/Anime-Naruto-Shippuden-Kidomaru-K2098-Minifigures-600x600.jpg,Anime Naruto Shippuden Kidomaru K2098 Minifigures,1.1,Kidomaru
 K2097 ,"Anime,Anime & Cartoon Minifigures,Minifigures Collection,Naruto Shippuden",https://brixtoy.com/wp-content/uploads/2023/10/Anime-Naruto-Shippuden-Kabuto-Yakushi-K2097-Minifigures-600x600.jpg,Anime Naruto Shippuden Kabuto Yakushi K2097 Minifigures,1.1,Kabuto Yakushi
 WM2124 ,"Anime,Anime & Cartoon Minifigures,Minifigures Collection,Naruto Shippuden",https://brixtoy.com/wp-content/uploads/2023/10/Anime-Naruto-Shippuden-Inuzuka-Kiba-WM2124-Minifigures-600x600.jpg,Anime Naruto Shippuden Inuzuka Kiba WM2124 Minifigures,1.4,Inuzuka Kiba
 K2099 ,"Anime,Anime & Cartoon Minifigures,Minifigures Collection,Naruto Shippuden",https://brixtoy.com/wp-content/uploads/2023/10/Anime-Naruto-Shippuden-Jirobo-K2099-Minifigures-600x600.jpg,Anime Naruto Shippuden Jirobo K2099 Minifigures,1.1,Jirobo
 WM2125 ,"Anime,Anime & Cartoon Minifigures,Minifigures Collection,Naruto Shippuden",https://brixtoy.com/wp-content/uploads/2023/10/Anime-Naruto-Shippuden-Hyuga-Hinata-WM2125-Minifigures-600x600.jpg,Anime Naruto Shippuden Hyuga Hinata WM2125 Minifigures,1.2,Hyuga Hinata
 WM2126 ,"Anime,Anime & Cartoon Minifigures,Minifigures Collection,Naruto Shippuden",https://brixtoy.com/wp-content/uploads/2023/10/Anime-Naruto-Shippuden-Aburame-Shino-WM2126-Minifigures-600x600.jpg,Anime Naruto Shippuden Aburame Shino WM2126 Minifigures,1.2,Aburame Shino
 WM2127 ,"Anime,Anime & Cartoon Minifigures,Minifigures Collection,Naruto Shippuden",https://brixtoy.com/wp-content/uploads/2023/10/Anime-Naruto-Shippuden-Sarutobi-Asuma-WM2127-Minifigures-600x600.jpg,Anime Naruto Shippuden Sarutobi Asuma WM2127 Minifigures,1.4,Sarutobi Asuma
 WM2128 ,"Anime,Anime & Cartoon Minifigures,Minifigures Collection,Naruto Shippuden",https://brixtoy.com/wp-content/uploads/2023/10/Anime-Naruto-Shippuden-Nara-Shikamaru-WM2128-Minifigures-600x600.jpg,Anime Naruto Shippuden Nara Shikamaru WM2128 Minifigures,1.4,Nara Shikamaru
 WM2129 ,"Anime,Anime & Cartoon Minifigures,Minifigures Collection,Naruto Shippuden",https://brixtoy.com/wp-content/uploads/2023/10/Anime-Naruto-Shippuden-Yamanaka-Ino-WM2129-Minifigures-600x600.jpg,Anime Naruto Shippuden Yamanaka Ino WM2129 Minifigures,1.4,Yamanaka Ino
 K2096 ,"Anime,Anime & Cartoon Minifigures,Minifigures Collection,Naruto Shippuden",https://brixtoy.com/wp-content/uploads/2023/10/Anime-Naruto-Shippuden-Sakon-and-Ukon-K2096-Minifigures-600x600.jpg,Anime Naruto Shippuden Sakon and Ukon K2096 Minifigures,1.1,Sakon and Ukon
 WM2133 ,"Anime,Anime & Cartoon Minifigures,Minifigures Collection,Naruto Shippuden",https://brixtoy.com/wp-content/uploads/2023/10/Anime-Naruto-Shippuden-Mei-Terumi-Mizukage-WM2133-Minifigures-600x600.jpg,Anime Naruto Shippuden Mei Terumī (Mizukage) WM2133 Minifigures,1.4,Mei Terumī
 WM2134 ,"Anime,Anime & Cartoon Minifigures,Minifigures Collection,Naruto Shippuden",https://brixtoy.com/wp-content/uploads/2023/10/Anime-Naruto-Shippuden-A-Fourth-Raikage-WM2134-Minifigures-600x600.jpg,Anime Naruto Shippuden A (Fourth Raikage) WM2134 Minifigures,1.4,A
 WM2135 ,"Anime,Anime & Cartoon Minifigures,Minifigures Collection,Naruto Shippuden",https://brixtoy.com/wp-content/uploads/2023/10/Anime-Naruto-Shippuden-Hiruzen-Sarutobi-Battle-Suit-WM2135-Minifigures-600x600.jpg,Anime Naruto Shippuden Hiruzen Sarutobi (Battle Suit) WM2135 Minifigures,1.2,Hiruzen Sarutobi
 WM2136 ,"Anime,Anime & Cartoon Minifigures,Minifigures Collection,Naruto Shippuden",https://brixtoy.com/wp-content/uploads/2023/10/Anime-Naruto-Shippuden-Gaara-WM2136-Minifigures-600x600.jpg,Anime Naruto Shippuden Gaara WM2136 Minifigures,1.4,Gaara
 WM2137 ,"Anime,Anime & Cartoon Minifigures,Minifigures Collection,Naruto Shippuden",https://brixtoy.com/wp-content/uploads/2023/10/Anime-Naruto-Shippuden-Temari-WM2137-Minifigures-600x600.jpg,Anime Naruto Shippuden Temari WM2137 Minifigures,1.4,Temari
 WM2138 ,"Anime,Anime & Cartoon Minifigures,Minifigures Collection,Naruto Shippuden",https://brixtoy.com/wp-content/uploads/2023/10/Anime-Naruto-Shippuden-Kankuro-WM2138-Minifigures-600x600.jpg,Anime Naruto Shippuden Kankuro WM2138 Minifigures,1.4,Kankuro
 K2093 ,"Anime,Anime & Cartoon Minifigures,Minifigures Collection,Naruto Shippuden",https://brixtoy.com/wp-content/uploads/2023/10/Anime-Naruto-Shippuden-Kimimaro-K2093-Minifigures-600x600.jpg,Anime Naruto Shippuden Kimimaro K2093 Minifigures,1.1,Kimimaro
 K2094 ,"Anime,Anime & Cartoon Minifigures,Minifigures Collection,Naruto Shippuden",https://brixtoy.com/wp-content/uploads/2023/10/Anime-Naruto-Shippuden-Nara-Shikamaru-K2094-Minifigures-600x600.jpg,Anime Naruto Shippuden Nara Shikamaru K2094 Minifigures,1.1,Nara Shikamaru
 WM2103 ,"Anime,Anime & Cartoon Minifigures,Minifigures Collection,Naruto Shippuden",https://brixtoy.com/wp-content/uploads/2023/09/Anime-Naruto-Shippuden-Tsunade-WM2103-Minifigures-600x600.jpg,Anime Naruto Shippuden Tsunade WM2103 Minifigures,1.3,Tsunade
 K2095 ,"Anime,Anime & Cartoon Minifigures,Minifigures Collection,Naruto Shippuden",https://brixtoy.com/wp-content/uploads/2023/10/Anime-Naruto-Shippuden-Tayuya-K2095-Minifigures-600x600.jpg,Anime Naruto Shippuden Tayuya K2095 Minifigures,1.1,Tayuya
 WM2104 ,"Anime,Anime & Cartoon Minifigures,Minifigures Collection,Naruto Shippuden",https://brixtoy.com/wp-content/uploads/2023/09/Anime-Naruto-Shippuden-Jiraiya-WM2104-Minifigures-600x600.jpg,Anime Naruto Shippuden Jiraiya WM2104 Minifigures,1.3,Jiraiya
 K2001 ,"Anime,Anime & Cartoon Minifigures,Minifigures Collection,Naruto Shippuden",https://brixtoy.com/wp-content/uploads/2023/09/Anime-Naruto-Shippuden-Uchiha-Sasuke-Akatsuki-K2001-Minifigures-600x600.jpg,Anime Naruto Shippuden Sasuke Uchiha (Akatsuki) K2001 Minifigures,1.0,Sasuke Uchiha
 K2002 ,"Anime,Anime & Cartoon Minifigures,Minifigures Collection,Naruto Shippuden",https://brixtoy.com/wp-content/uploads/2023/09/Anime-Naruto-Shippuden-Pain-Deva-Path-K2002-Minifigures-600x600.jpg,Anime Naruto Shippuden Pain (Deva Path) K2002 Minifigures,1.0,Pain
 K2003 ,"Anime,Anime & Cartoon Minifigures,Minifigures Collection,Naruto Shippuden",https://brixtoy.com/wp-content/uploads/2023/09/Anime-Naruto-Shippuden-Hoshigaki-Kisame-Akatsuki-K2003-Minifigures-600x600.jpg,Anime Naruto Shippuden Hoshigaki Kisame (Akatsuki) K2003 Minifigures,1.0,Hoshigaki Kisame
 K2005 ,"Anime,Anime & Cartoon Minifigures,Minifigures Collection,Naruto Shippuden",https://brixtoy.com/wp-content/uploads/2023/09/Anime-Naruto-Shippuden-Hidan-Jashin-sama-ritual-K2005-Minifigures-600x600.jpg,Anime Naruto Shippuden Hidan (Jashin-sama ritual) K2005 Minifigures,1.0,Hidan
 K2004 ,"Anime,Anime & Cartoon Minifigures,Minifigures Collection,Naruto Shippuden",https://brixtoy.com/wp-content/uploads/2023/09/Anime-Naruto-Shippuden-Yahiko-Amegakures-shinobi-K2004-Minifigures-600x600.jpg,Anime Naruto Shippuden Yahiko (Amegakure’s shinobi) K2004 Minifigures,1.0,Pain
 K2006 ,"Anime,Anime & Cartoon Minifigures,Minifigures Collection,Naruto Shippuden",https://brixtoy.com/wp-content/uploads/2023/09/Anime-Naruto-Shippuden-Uchiha-Itachi-Akatsuki-K2006-Minifigures-600x600.jpg,Anime Naruto Shippuden Uchiha Itachi (Akatsuki) K2006 Minifigures,1.0,Uchiha Itachi
 WM2132 ,"Anime,Anime & Cartoon Minifigures,Minifigures Collection,Naruto Shippuden",https://brixtoy.com/wp-content/uploads/2023/10/Anime-Naruto-Shippuden-Hiruzen-Sarutobi-Hokage-WM2132-Minifigures-600x600.jpg,Anime Naruto Shippuden Hiruzen Sarutobi (Hokage) WM2132 Minifigures,1.0,Hiruzen Sarutobi
 WM2131 ,"Anime,Anime & Cartoon Minifigures,Minifigures Collection,Naruto Shippuden",https://brixtoy.com/wp-content/uploads/2023/10/Anime-Naruto-Shippuden-Onoki-Tsuchikage-WM2131-Minifigures-600x600.jpg,Anime Naruto Shippuden Ōnoki (Tsuchikage) WM2131 Minifigures,1.0,Ōnoki
 WM2094 ,"Anime,Anime & Cartoon Minifigures,Minifigures Collection,Naruto Shippuden",https://brixtoy.com/wp-content/uploads/2023/09/Anime-Naruto-Shippuden-Uchiha-Madara-WM2094-Minifigures-600x600.jpg,Anime Naruto Shippuden Uchiha Madara WM2094 Minifigures,1.1,Uchiha Madara
 WM2102 ,"Anime,Anime & Cartoon Minifigures,Minifigures Collection,Naruto Shippuden",https://brixtoy.com/wp-content/uploads/2023/09/Anime-Naruto-Shippuden-Haruno-Sakura-WM2102-Minifigures-600x600.jpg,Anime Naruto Shippuden Haruno Sakura WM2102 Minifigures,1.3,Haruno Sakura
 WM2095 ,"Anime,Anime & Cartoon Minifigures,Minifigures Collection,Naruto Shippuden",https://brixtoy.com/wp-content/uploads/2023/09/Anime-Naruto-Shippuden-Deidara-WM2095-Minifigures-600x600.jpg,Anime Naruto Shippuden Deidara WM2095 Minifigures,1.1,Deidara
 WM2096 ,"Anime,Anime & Cartoon Minifigures,Minifigures Collection,Naruto Shippuden",https://brixtoy.com/wp-content/uploads/2023/09/Anime-Naruto-Shippuden-Hoshigaki-Kisame-WM2096-Minifigures-600x600.jpg,Anime Naruto Shippuden Hoshigaki Kisame WM2096 Minifigures,1.1,Hoshigaki Kisame
 WM2098 ,"Anime,Anime & Cartoon Minifigures,Minifigures Collection,Naruto Shippuden",https://brixtoy.com/wp-content/uploads/2023/09/Anime-Naruto-Shippuden-Hyuga-Hinata-WM2098-Minifigures-600x600.jpg,Anime Naruto Shippuden Hyuga Hinata WM2098 Minifigures,1.3,Hyuga Hinata
 WM2097 ,"Anime,Anime & Cartoon Minifigures,Minifigures Collection,Naruto Shippuden",https://brixtoy.com/wp-content/uploads/2023/09/Anime-Naruto-Shippuden-Naruto-Uzumaki-WM2097-Minifigures-600x600.jpg,Anime Naruto Shippuden Naruto Uzumaki WM2097 Minifigures,1.3,Naruto Uzumaki
 WM2100 ,"Anime,Anime & Cartoon Minifigures,Minifigures Collection,Naruto Shippuden",https://brixtoy.com/wp-content/uploads/2023/09/Anime-Naruto-Shippuden-Haku-WM2100-Minifigures-600x600.jpg,Anime Naruto Shippuden Haku WM2100 Minifigures,1.3,Haku
 WM2099 ,"Anime,Anime & Cartoon Minifigures,Minifigures Collection,Naruto Shippuden",https://brixtoy.com/wp-content/uploads/2023/09/Anime-Naruto-Shippuden-Zabuza-WM2099-Minifigures-600x600.jpg,Anime Naruto Shippuden Zabuza WM2099 Minifigures,1.3,Zabuza
 WM2110 ,"Anime,Anime & Cartoon Minifigures,Minifigures Collection,Naruto Shippuden",https://brixtoy.com/wp-content/uploads/2023/09/Anime-Naruto-Shippuden-Tobirama-Senju-WM2110-Minifigures-600x600.jpg,Anime Naruto Shippuden Tobirama Senju WM2110 Minifigures,1.3,Tobirama Senju
 WM2101 ,"Anime,Anime & Cartoon Minifigures,Minifigures Collection,Naruto Shippuden",https://brixtoy.com/wp-content/uploads/2023/09/Anime-Naruto-Shippuden-Naruto-Uzumaki-WM2101-Minifigures-600x600.jpg,Anime Naruto Shippuden Naruto Uzumaki WM2101 Minifigures,1.3,Naruto Uzumaki
 WM2107 ,"Anime,Anime & Cartoon Minifigures,Minifigures Collection,Naruto Shippuden",https://brixtoy.com/wp-content/uploads/2023/09/Anime-Naruto-Shippuden-Naruto-Uzumaki-WM2107-Minifigures-600x600.jpg,Anime Naruto Shippuden Naruto Uzumaki WM2107 Minifigures,1.3,Naruto Uzumaki
 WM2108 ,"Anime,Anime & Cartoon Minifigures,Minifigures Collection,Naruto Shippuden",https://brixtoy.com/wp-content/uploads/2023/09/Anime-Naruto-Shippuden-Orochimaru-WM2108-Minifigures-600x600.jpg,Anime Naruto Shippuden Orochimaru WM2108 Minifigures,1.3,Orochimaru
 WM2109 ,"Anime,Anime & Cartoon Minifigures,Minifigures Collection,Naruto Shippuden",https://brixtoy.com/wp-content/uploads/2023/09/Anime-Naruto-Shippuden-Kabuto-Yakushi-WM2109-Minifigures-600x600.jpg,Anime Naruto Shippuden Kabuto Yakushi WM2109 Minifigures,1.3,Kabuto Yakushi
 WM2111 ,"Anime,Anime & Cartoon Minifigures,Minifigures Collection,Naruto Shippuden",https://brixtoy.com/wp-content/uploads/2023/09/Anime-Naruto-Shippuden-Hashirama-Senju-WM2111-Minifigures-600x600.jpg,Anime Naruto Shippuden Hashirama Senju WM2111 Minifigures,1.3,Hashirama Senju
 WM2112 ,"Anime,Anime & Cartoon Minifigures,Minifigures Collection,Naruto Shippuden",https://brixtoy.com/wp-content/uploads/2023/09/Anime-Naruto-Shippuden-Killer-Bee-WM2112-Minifigures-600x600.jpg,Anime Naruto Shippuden Killer Bee WM2112 Minifigures,1.3,Killer Bee
 WM2089 ,"Anime,Anime & Cartoon Minifigures,Minifigures Collection,Naruto Shippuden",https://brixtoy.com/wp-content/uploads/2023/09/Anime-Naruto-Shippuden-Pain-WM2089-Minifigures-600x600.jpg,Anime Naruto Shippuden Pain WM2089 Minifigures,1.1,Pain
 WM2090 ,"Anime,Anime & Cartoon Minifigures,Minifigures Collection,Naruto Shippuden",https://brixtoy.com/wp-content/uploads/2023/09/Anime-Naruto-Shippuden-Konan-WM2090-Minifigures-600x600.jpg,Anime Naruto Shippuden Konan WM2090 Minifigures,1.1,Konan
 WM2091 ,"Anime,Anime & Cartoon Minifigures,Minifigures Collection,Naruto Shippuden",https://brixtoy.com/wp-content/uploads/2023/09/Anime-Naruto-Shippuden-Nagato-WM2091-Minifigures-600x600.jpg,Anime Naruto Shippuden Nagato WM2091 Minifigures,1.1,Nagato
 WM2092 ,"Anime,Anime & Cartoon Minifigures,Minifigures Collection,Naruto Shippuden",https://brixtoy.com/wp-content/uploads/2023/09/Anime-Naruto-Shippuden-Uchiha-Itachi-WM2092-Minifigures-600x600.jpg,Anime Naruto Shippuden Uchiha Itachi WM2092 Minifigures,1.1,Uchiha Itachi
 WM2093 ,"Anime,Anime & Cartoon Minifigures,Minifigures Collection,Naruto Shippuden",https://brixtoy.com/wp-content/uploads/2023/09/Anime-Naruto-Shippuden-Zetsu-WM2093-Minifigures-600x600.jpg,Anime Naruto Shippuden Zetsu WM2093 Minifigures,1.1,Zetsu
 WM2106 ,"Anime,Anime & Cartoon Minifigures,Minifigures Collection,Naruto Shippuden",https://brixtoy.com/wp-content/uploads/2023/09/Anime-Naruto-Shippuden-Minato-Namikaze-WM2106-Minifigures-600x600.jpg,Anime Naruto Shippuden Minato Namikaze WM2106 Minifigures,1.3,Minato Namikaze
 K2042 ,"Anime,Anime & Cartoon Minifigures,Minifigures Collection,Naruto Shippuden",https://brixtoy.com/wp-content/uploads/2023/09/Anime-Naruto-Shippuden-Hashirama-Senju-K2042-Minifigures-600x600.jpg,Anime Naruto Shippuden Hashirama Senju K2042 Minifigures,1.1,Hashirama Senju
 K2041 ,"Anime,Anime & Cartoon Minifigures,Minifigures Collection,Naruto Shippuden",https://brixtoy.com/wp-content/uploads/2023/09/Anime-Naruto-Shippuden-Hoshigaki-Kisame-K2041-Minifigures-600x600.jpg,Anime Naruto Shippuden Hoshigaki Kisame K2041 Minifigures,1.1,Hoshigaki Kisame
 K2043 ,"Anime,Anime & Cartoon Minifigures,Minifigures Collection,Naruto Shippuden",https://brixtoy.com/wp-content/uploads/2023/09/Anime-Naruto-Shippuden-Naruto-Uzumaki-K2043-Minifigures-600x600.jpg,Anime Naruto Shippuden Naruto Uzumaki K2043 Minifigures,1.1,Naruto Uzumaki
 K2044 ,"Anime,Anime & Cartoon Minifigures,Minifigures Collection,Naruto Shippuden",https://brixtoy.com/wp-content/uploads/2023/09/Anime-Naruto-Shippuden-Naruto-Uzumaki-K2044-Minifigures-600x600.jpg,Anime Naruto Shippuden Naruto Uzumaki K2044 Minifigures,1.1,Naruto Uzumaki
 WM2105 ,"Anime,Anime & Cartoon Minifigures,Minifigures Collection,Naruto Shippuden",https://brixtoy.com/wp-content/uploads/2023/09/Anime-Naruto-Shippuden-Naruto-Uzumaki-WM2105-Minifigures-600x600.jpg,Anime Naruto Shippuden Naruto Uzumaki WM2105 Minifigures,1.3,Naruto Uzumaki
 WM2121 ,"Anime,Anime & Cartoon Minifigures,Minifigures Collection,Naruto Shippuden",https://brixtoy.com/wp-content/uploads/2023/09/Anime-Naruto-Shippuden-Uchiha-Madara-WM2121-Minifigures-600x600.jpg,Anime Naruto Shippuden Uchiha Madara WM2121 Minifigures,1.3,Uchiha Madara
 WM2117 ,"Anime,Anime & Cartoon Minifigures,Minifigures Collection,Naruto Shippuden",https://brixtoy.com/wp-content/uploads/2023/09/Anime-Naruto-Shippuden-Hatake-Kakashi-WM2117-Minifigures-600x600.jpg,Anime Naruto Shippuden Hatake Kakashi WM2117 Minifigures,1.3,Hatake Kakashi
 WM2120 ,"Anime,Anime & Cartoon Minifigures,Minifigures Collection,Naruto Shippuden",https://brixtoy.com/wp-content/uploads/2023/09/Anime-Naruto-Shippuden-Zetsu-WM2120-Minifigures-600x600.jpg,Anime Naruto Shippuden Zetsu WM2120 Minifigures,1.0,Zetsu
 WM2085 ,"Anime,Anime & Cartoon Minifigures,Minifigures Collection,Naruto Shippuden",https://brixtoy.com/wp-content/uploads/2023/08/Naruto-Shippuden-Sasori-WM2085-Minifigures-600x600.jpg,Anime Naruto Shippuden Sasori WM2085 Minifigures,1.1,Sasori
 WM2086 ,"Anime,Anime & Cartoon Minifigures,Minifigures Collection,Naruto Shippuden",https://brixtoy.com/wp-content/uploads/2023/08/Naruto-Shippuden-Hidan-WM2086-Minifigures-600x600.jpg,Anime Naruto Shippuden Hidan WM2086 Minifigures,1.1,Hidan
 WM2087 ,"Anime,Anime & Cartoon Minifigures,Minifigures Collection,Naruto Shippuden",https://brixtoy.com/wp-content/uploads/2023/08/Naruto-Shippuden-Kakuzu-WM2087-Minifigures-600x600.jpg,Anime Naruto Shippuden Kakuzu WM2087 Minifigures,1.1,Kakuzu
 WM2088 ,"Anime,Anime & Cartoon Minifigures,Minifigures Collection,Naruto Shippuden",https://brixtoy.com/wp-content/uploads/2023/08/Naruto-Shippuden-Pain-Preta-Path-WM2088-Minifigures-600x600.jpg,Anime Naruto Shippuden Pain (Preta Path) WM2088 Minifigures,1.1,Pain
 WM2118 ,"Anime,Anime & Cartoon Minifigures,Minifigures Collection,Naruto Shippuden",https://brixtoy.com/wp-content/uploads/2023/09/Anime-Naruto-Shippuden-Rock-Lee-WM2118-Minifigures-600x600.jpg,Anime Naruto Shippuden Rock Lee WM2118 Minifigures,1.0,Rock Lee
 WM2115 ,"Anime,Anime & Cartoon Minifigures,Minifigures Collection,Naruto Shippuden",https://brixtoy.com/wp-content/uploads/2023/09/Anime-Naruto-Shippuden-Minato-Namikaze-WM2115-Minifigures-600x600.jpg,Anime Naruto Shippuden Minato Namikaze WM2115 Minifigures,1.3,Minato Namikaze
 WM2116 ,"Anime,Anime & Cartoon Minifigures,Minifigures Collection,Naruto Shippuden",https://brixtoy.com/wp-content/uploads/2023/09/Anime-Naruto-Shippuden-Sasuke-Uchiha-WM2116-Minifigures-600x600.jpg,Anime Naruto Shippuden Sasuke Uchiha WM2116 Minifigures,1.3,Sasuke Uchiha
 WM2119 ,"Anime,Anime & Cartoon Minifigures,Minifigures Collection,Naruto Shippuden",https://brixtoy.com/wp-content/uploads/2023/09/Anime-Naruto-Shippuden-Uchiha-Madara-WM2119-Minifigures-600x600.jpg,Anime Naruto Shippuden Uchiha Madara WM2119 Minifigures,1.3,Uchiha Madara
 WM2122 ,"Anime,Anime & Cartoon Minifigures,Minifigures Collection,Naruto Shippuden",https://brixtoy.com/wp-content/uploads/2023/09/Anime-Naruto-Shippuden-Might-Guy-WM2122-Minifigures-600x600.jpg,Anime Naruto Shippuden Might Guy WM2122 Minifigures,1.5,Might Guy
 K2039 ,"Anime,Anime & Cartoon Minifigures,Minifigures Collection,Naruto Shippuden",https://brixtoy.com/wp-content/uploads/2023/09/Anime-Naruto-Shippuden-Naruto-Uzumaki-K2039-Minifigures-600x600.jpg,Anime Naruto Shippuden Naruto Uzumaki K2039 Minifigures,1.1,Naruto Uzumaki
 K2040 ,"Anime,Anime & Cartoon Minifigures,Minifigures Collection,Naruto Shippuden",https://brixtoy.com/wp-content/uploads/2023/09/Anime-Naruto-Shippuden-Naruto-Uzumaki-K2040-Minifigures-600x600.jpg,Anime Naruto Shippuden Naruto Uzumaki K2040 Minifigures,1.1,Naruto Uzumaki
 WM2084 ,"Anime,Anime & Cartoon Minifigures,Minifigures Collection,Naruto Shippuden",https://brixtoy.com/wp-content/uploads/2023/08/Naruto-Shippuden-Hatake-Kakashi-WM2084-Minifigures-600x600.jpg,Anime Naruto Shippuden Hatake Kakashi WM2084 Minifigures,1.1,Hatake Kakashi
 WM2081 ,"Anime,Anime & Cartoon Minifigures,Minifigures Collection,Naruto Shippuden",https://brixtoy.com/wp-content/uploads/2023/08/Naruto-Shippuden-Uchiha-Obito-WM2081-Minifigures-600x600.jpg,Anime Naruto Shippuden Uchiha Obito WM2081 Minifigures,1.1,Uchiha Obito
 WM2083 ,"Anime,Anime & Cartoon Minifigures,Minifigures Collection,Naruto Shippuden",https://brixtoy.com/wp-content/uploads/2023/08/Naruto-Shippuden-Sasuke-Uchiha-WM2083-Minifigures-600x600.jpg,Anime Naruto Shippuden Sasuke Uchiha WM2083 Minifigures,1.1,Sasuke Uchiha
 WM2082 ,"Anime,Anime & Cartoon Minifigures,Minifigures Collection,Naruto Shippuden",https://brixtoy.com/wp-content/uploads/2023/08/Naruto-Shippuden-Naruto-Uzumaki-WM2082-Minifigures-600x600.jpg,Anime Naruto Shippuden Naruto Uzumaki WM2082 Minifigures,1.1,Naruto Uzumaki
